{
  "0x21E9f6aF91bD687a4856a7DBe4D7f59e9Be275f2": {
    "address": "0x21E9f6aF91bD687a4856a7DBe4D7f59e9Be275f2",
    "collateral": 715550.22966546,
    "debt": 623463.40280628,
    "borrow": 20531.80389263,
    "threshold": 93,
    "ltv": 90,
    "healthFactor": "1.067362912712375426"
  },
  "0x23dB246031fd6F4e81B0814E9C1DC0901a18Da2D": {
    "address": "0x23dB246031fd6F4e81B0814E9C1DC0901a18Da2D",
    "collateral": 353968.10359351,
    "debt": 285314.61769827,
    "borrow": 0,
    "threshold": 83,
    "ltv": 80.5,
    "healthFactor": "1.029717749313870544"
  },
  "0x01ACb3804Ba9c42111C6E9c127831Eb486CA1Ac7": {
    "address": "0x01ACb3804Ba9c42111C6E9c127831Eb486CA1Ac7",
    "collateral": 266252.7996476,
    "debt": 210019.89413587,
    "borrow": 4313.60958045,
    "threshold": 83,
    "ltv": 80.5,
    "healthFactor": "1.052232811642801457"
  },
  "0xE38C63e23798B6894d98266e6DdBd0CbD5A6760a": {
    "address": "0xE38C63e23798B6894d98266e6DdBd0CbD5A6760a",
    "collateral": 388444.67651765,
    "debt": 300745.41670869,
    "borrow": 11952.54788802,
    "threshold": 83,
    "ltv": 80.5,
    "healthFactor": "1.072033233417299261"
  },
  "0xc38D57E5E4E74EA1cb8b6cd93791dDd5493AFfE5": {
    "address": "0xc38D57E5E4E74EA1cb8b6cd93791dDd5493AFfE5",
    "collateral": 1438502.63964482,
    "debt": 1255053.2508203,
    "borrow": 39599.12486004,
    "threshold": 93,
    "ltv": 90,
    "healthFactor": "1.065936807060012822"
  },
  "0x9DF12bfE371b308d39277E6377f4117e03aC8Cb6": {
    "address": "0x9DF12bfE371b308d39277E6377f4117e03aC8Cb6",
    "collateral": 5399.00920527,
    "debt": 4719.79545617,
    "borrow": 139.31282857,
    "threshold": 93,
    "ltv": 90,
    "healthFactor": "1.063833932535390837"
  },
  "0x236511E76f6D333486926A446A791C2326E628A7": {
    "address": "0x236511E76f6D333486926A446A791C2326E628A7",
    "collateral": 21546.97835331,
    "debt": 16169.8588895,
    "borrow": 554.90570834,
    "threshold": 80.53,
    "ltv": 77.62,
    "healthFactor": "1.073094192503280843"
  },
  "0x784629eC6E41688F7fF1590A7C16386197c5a111": {
    "address": "0x784629eC6E41688F7fF1590A7C16386197c5a111",
    "collateral": 3053.02386505,
    "debt": 2831.26568286,
    "borrow": 0,
    "threshold": 93,
    "ltv": 90,
    "healthFactor": "1.002842019273822379"
  },
  "0x21795EB77D2BBd56a7704F048EB53676Da96cf0f": {
    "address": "0x21795EB77D2BBd56a7704F048EB53676Da96cf0f",
    "collateral": 172118.41732796,
    "debt": 152590.9076891,
    "borrow": 2315.66790606,
    "threshold": 93,
    "ltv": 90,
    "healthFactor": "1.049014849830625012"
  },
  "0xCDE43769f216A1618D0cdfBf748fdD90969F29D8": {
    "address": "0xCDE43769f216A1618D0cdfBf748fdD90969F29D8",
    "collateral": 1304122.51973765,
    "debt": 1200369.65506356,
    "borrow": 0,
    "threshold": 93,
    "ltv": 90,
    "healthFactor": "1.010383708251763505"
  },
  "0xDE092a220313CedE58750434b66D46B5ff494CBB": {
    "address": "0xDE092a220313CedE58750434b66D46B5ff494CBB",
    "collateral": 29720.03410069,
    "debt": 22520.00641591,
    "borrow": 1404.62103515,
    "threshold": 83,
    "ltv": 80.5,
    "healthFactor": "1.095365065533140426"
  },
  "0xE19128Ae5DE4d655E2919f0dC2DE04A4d99E735D": {
    "address": "0xE19128Ae5DE4d655E2919f0dC2DE04A4d99E735D",
    "collateral": 2390.95602154,
    "debt": 1958.88817362,
    "borrow": 0,
    "threshold": 83,
    "ltv": 80.5,
    "healthFactor": "1.0130713557847877"
  },
  "0x01500631C4dE4C68584EE08eb4bEDA10030b2e55": {
    "address": "0x01500631C4dE4C68584EE08eb4bEDA10030b2e55",
    "collateral": 423436.63841212,
    "debt": 364897.43140276,
    "borrow": 16195.54316815,
    "threshold": 93,
    "ltv": 90,
    "healthFactor": "1.079196617551995783"
  },
  "0x93faDED0f26E5a2cA6D6B1470b4684D541Ecf79B": {
    "address": "0x93faDED0f26E5a2cA6D6B1470b4684D541Ecf79B",
    "collateral": 58275.11326733,
    "debt": 50238.17183012,
    "borrow": 2209.43011048,
    "threshold": 93,
    "ltv": 90,
    "healthFactor": "1.078778414188376062"
  },
  "0xb24864C391f454CFc6135E4D93814C420eAb797d": {
    "address": "0xb24864C391f454CFc6135E4D93814C420eAb797d",
    "collateral": 74912.87387822,
    "debt": 59625.04828204,
    "borrow": 679.81518993,
    "threshold": 83,
    "ltv": 80.5,
    "healthFactor": "1.042811487964008816"
  },
  "0x80927AD841a9B64a0957a23D7b55ecec1E5EE20D": {
    "address": "0x80927AD841a9B64a0957a23D7b55ecec1E5EE20D",
    "collateral": 14009.22649303,
    "debt": 12058.73376043,
    "borrow": 549.5700833,
    "threshold": 93,
    "ltv": 90,
    "healthFactor": "1.080426925194458927"
  },
  "0xfDDFFf2C1A376CcEc92D9EFC11ec81BbD73BF7f0": {
    "address": "0xfDDFFf2C1A376CcEc92D9EFC11ec81BbD73BF7f0",
    "collateral": 37805.60264826,
    "debt": 26908.1990144,
    "borrow": 689.89091883,
    "threshold": 78,
    "ltv": 73,
    "healthFactor": "1.0958879131917827"
  },
  "0xe8E1C13aa9989EDaF78Fc5746C9329B775FfC659": {
    "address": "0xe8E1C13aa9989EDaF78Fc5746C9329B775FfC659",
    "collateral": 208263.17006616,
    "debt": 177347.41809075,
    "borrow": 10089.43496879,
    "threshold": 93,
    "ltv": 90,
    "healthFactor": "1.092120484451710856"
  },
  "0x7420fA58bA44E1141d5E9ADB6903BE549f7cE0b5": {
    "address": "0x7420fA58bA44E1141d5E9ADB6903BE549f7cE0b5",
    "collateral": 4268.34587171,
    "debt": 3282.93463165,
    "borrow": 0,
    "threshold": 78.04,
    "ltv": 73.06,
    "healthFactor": "1.01464619068757814"
  },
  "0x7Ed571262CdaE3367Af4fa621aB0f480D7242409": {
    "address": "0x7Ed571262CdaE3367Af4fa621aB0f480D7242409",
    "collateral": 37381.59574495,
    "debt": 29529.63536895,
    "borrow": 562.54920573,
    "threshold": 83,
    "ltv": 80.5,
    "healthFactor": "1.050697852535428471"
  },
  "0xf305F90B19CF66fC2D038f92a26440B66cF858F6": {
    "address": "0xf305F90B19CF66fC2D038f92a26440B66cF858F6",
    "collateral": 875243.52755509,
    "debt": 649937.71187222,
    "borrow": 23999.8043452,
    "threshold": 80,
    "ltv": 77,
    "healthFactor": "1.077326041024883199"
  },
  "0x3D9c8f2dAf3Ff486166f9Bf4A48aB9f919A1D000": {
    "address": "0x3D9c8f2dAf3Ff486166f9Bf4A48aB9f919A1D000",
    "collateral": 117740.85864301,
    "debt": 101191.81058019,
    "borrow": 4774.96219852,
    "threshold": 93,
    "ltv": 90,
    "healthFactor": "1.082093480788417396"
  },
  "0x728D56B58d65eB031bc1feCeA565a7BC89E3952D": {
    "address": "0x728D56B58d65eB031bc1feCeA565a7BC89E3952D",
    "collateral": 8440.45970929,
    "debt": 7517.28637375,
    "borrow": 79.12736461,
    "threshold": 93,
    "ltv": 90,
    "healthFactor": "1.044210256117223261"
  },
  "0x434dd8b4c51AB63e5449E52cce328f0E73BBFc43": {
    "address": "0x434dd8b4c51AB63e5449E52cce328f0E73BBFc43",
    "collateral": 18487.43224546,
    "debt": 13516.14031576,
    "borrow": 523.21573144,
    "threshold": 79.95,
    "ltv": 75.94,
    "healthFactor": "1.09355938418421893"
  },
  "0x51f5A4ae44e90c1212c29927216296F29151F4D8": {
    "address": "0x51f5A4ae44e90c1212c29927216296F29151F4D8",
    "collateral": 68055.56800206,
    "debt": 49722.77395066,
    "borrow": 2680.01341093,
    "threshold": 80,
    "ltv": 77,
    "healthFactor": "1.09496011738354204"
  },
  "0xBfCB89e106AF4DF10a1F510aEE6291b8C5Aa32b8": {
    "address": "0xBfCB89e106AF4DF10a1F510aEE6291b8C5Aa32b8",
    "collateral": 15169.74521709,
    "debt": 11260.54378185,
    "borrow": 420.16003531,
    "threshold": 80,
    "ltv": 77,
    "healthFactor": "1.077727364572815006"
  },
  "0x22b2cCb53963Da600c83191db1cE3f61f92DCf45": {
    "address": "0x22b2cCb53963Da600c83191db1cE3f61f92DCf45",
    "collateral": 8081.08903468,
    "debt": 7228.88189824,
    "borrow": 44.09823297,
    "threshold": 93,
    "ltv": 90,
    "healthFactor": "1.039636960188789507"
  },
  "0xF48aEfFdB19BE3753C3185088c869a95dB5a3edc": {
    "address": "0xF48aEfFdB19BE3753C3185088c869a95dB5a3edc",
    "collateral": 1254901.32673736,
    "debt": 1062826.31374092,
    "borrow": 66584.8803227,
    "threshold": 93,
    "ltv": 90,
    "healthFactor": "1.098070511406464959"
  },